id,first_name,last_name,email,gender
1,Kevyn,Gregan,kgregan0@parallels.com,Female
2,Bette-ann,Sinfield,bsinfield1@fda.gov,Female
3,Camila,Kinneir,ckinneir2@posterous.com,Female
4,Dayle,McTurk,dmcturk3@hhs.gov,Female
5,Andrea,Osgardby,aosgardby4@chicagotribune.com,Female
6,Doll,Toor,dtoor5@netvibes.com,Female
7,Bary,Brazur,bbrazur6@wisc.edu,Male
8,Blondy,Aggiss,baggiss7@rakuten.co.jp,Female
9,Nickie,Taplow,ntaplow8@bloglines.com,Male
10,Aldric,Kale,akale9@privacy.gov.au,Male
11,Dominica,Jako,djakoa@miibeian.gov.cn,Female
12,Yoshiko,Kingsmill,ykingsmillb@opera.com,Female
13,Kaiser,Ferreli,kferrelic@sbwire.com,Male
14,Constantine,Foulger,cfoulgerd@cargocollective.com,Male
15,Ric,Babst,rbabste@stumbleupon.com,Male
16,Rhonda,Caret,rcaretf@github.io,Female
17,Gauthier,Langran,glangrang@pbs.org,Male
18,Clywd,Deinert,cdeinerth@blinklist.com,Male
19,Daphna,Martins,dmartinsi@tuttocitta.it,Female
20,Giuseppe,Durram,gdurramj@archive.org,Male
21,Emmery,McNickle,emcnicklek@slate.com,Male
22,Weider,Powles,wpowlesl@jalbum.net,Male
23,Michele,Rooksby,mrooksbym@hatena.ne.jp,Female
24,Gail,Teese,gteesen@ox.ac.uk,Male
25,Bud,Garrand,bgarrando@nydailynews.com,Male
26,Sophie,Shimoni,sshimonip@sina.com.cn,Female
27,Cheri,Chasemore,cchasemoreq@chronoengine.com,Female
28,Randie,Dukelow,rdukelowr@wix.com,Male
29,Lane,Christley,lchristleys@fc2.com,Male
30,Rex,Filchagin,rfilchagint@nhs.uk,Male
31,Kinnie,Ainsbury,kainsburyu@earthlink.net,Male
32,Taddeo,Klees,tkleesv@disqus.com,Male
33,Harlan,Tuppeny,htuppenyw@usgs.gov,Male
34,Dacy,Duran,dduranx@amazonaws.com,Female
35,Caye,Tremolieres,ctremolieresy@walmart.com,Female
36,Seymour,Gudgion,sgudgionz@hhs.gov,Male
37,Stearn,MacCafferky,smaccafferky10@hexun.com,Male
38,Keith,Keith,kkeith11@ifeng.com,Male
39,Tani,Stroyan,tstroyan12@theguardian.com,Female
40,Shep,Bodimeade,sbodimeade13@com.com,Male
41,Vasily,Paeckmeyer,vpaeckmeyer14@amazon.co.uk,Male
42,Mufi,Louys,mlouys15@mit.edu,Female
43,Cristabel,Stoggles,cstoggles16@wikimedia.org,Female
44,Stanfield,Speeding,sspeeding17@weibo.com,Male
45,Lebbie,Alessandrelli,lalessandrelli18@mozilla.com,Female
46,Emlyn,Cohalan,ecohalan19@usnews.com,Male
47,Arliene,Clayworth,aclayworth1a@reverbnation.com,Bigender
48,Tabby,Empringham,tempringham1b@ft.com,Female
49,Desi,Scotter,dscotter1c@ed.gov,Genderfluid
50,Wallace,Jacobson,wjacobson1d@unicef.org,Male
51,Jackquelin,Dovinson,jdovinson1e@1und1.de,Female
52,Ilse,Ferrar,iferrar1f@yolasite.com,Female
53,Ivy,McArt,imcart1g@abc.net.au,Female
54,Rafaelita,Sleford,rsleford1h@barnesandnoble.com,Female
55,Kassie,Haselup,khaselup1i@jalbum.net,Female
56,Marguerite,Bertelsen,mbertelsen1j@accuweather.com,Genderqueer
57,Janella,Laxen,jlaxen1k@mapy.cz,Female
58,Anders,Farmery,afarmery1l@naver.com,Male
59,Emelyne,Stiddard,estiddard1m@pagesperso-orange.fr,Female
60,Ad,Slowgrave,aslowgrave1n@youku.com,Male
61,Garner,Yeomans,gyeomans1o@goo.gl,Male
62,Orion,Dewitt,odewitt1p@bluehost.com,Male
63,Ennis,Arnowitz,earnowitz1q@youtube.com,Male
64,Berti,Durdy,bdurdy1r@github.com,Female
65,Darice,Sholl,dsholl1s@cloudflare.com,Female
66,Estevan,Zanioletti,ezanioletti1t@privacy.gov.au,Male
67,Broderick,Djokovic,bdjokovic1u@ox.ac.uk,Male
68,Gayla,Lezemere,glezemere1v@comcast.net,Female
69,Gregorius,Wrigley,gwrigley1w@homestead.com,Male
70,Minni,Papaccio,mpapaccio1x@ning.com,Female
71,Nathaniel,Fishbourn,nfishbourn1y@cloudflare.com,Male
72,Kerrin,Balnaves,kbalnaves1z@skype.com,Bigender
73,Mathian,Caple,mcaple20@cnet.com,Male
74,Augie,Tittershill,atittershill21@prlog.org,Male
75,Fidela,Wasiela,fwasiela22@soundcloud.com,Female
76,Janaye,Dodge,jdodge23@dailymotion.com,Female
77,Marguerite,Iori,miori24@oakley.com,Female
78,Rip,Lanston,rlanston25@bizjournals.com,Non-binary
79,Corina,Freen,cfreen26@ycombinator.com,Bigender
80,Teodorico,Drohan,tdrohan27@uiuc.edu,Male
81,Otis,Jessup,ojessup28@google.com.hk,Male
82,Linn,Rajchert,lrajchert29@sfgate.com,Polygender
83,Rosabella,Fortnon,rfortnon2a@shinystat.com,Female
84,Ethelind,Fishley,efishley2b@earthlink.net,Genderfluid
85,Olenka,McLeod,omcleod2c@cisco.com,Female
86,Jessie,Gannaway,jgannaway2d@state.gov,Male
87,Fielding,Durker,fdurker2e@dailymotion.com,Male
88,Beatrix,Rape,brape2f@admin.ch,Polygender
89,Victoir,Huggons,vhuggons2g@photobucket.com,Male
90,Ephrem,Boxall,eboxall2h@businessweek.com,Male
91,Freddie,Seczyk,fseczyk2i@wix.com,Female
92,Lelia,Stubbert,lstubbert2j@spiegel.de,Female
93,Adah,Madgett,amadgett2k@163.com,Polygender
94,Jsandye,Sprionghall,jsprionghall2l@elegantthemes.com,Female
95,Tilda,Chapier,tchapier2m@quantcast.com,Female
96,Cherrita,Macilhench,cmacilhench2n@lulu.com,Genderqueer
97,Wynny,Bamlett,wbamlett2o@hc360.com,Female
98,Hermy,Dax,hdax2p@cisco.com,Male
99,Ealasaid,Elgram,eelgram2q@sun.com,Female
100,Hetty,Garvagh,hgarvagh2r@geocities.jp,Female
